Start date,End date,Belgium [€/MWh] Original resolutions
Feb 1, 2022 12:00 AM,160.15
Feb 1, 2022 1:00 AM,154.54
Feb 1, 2022 2:00 AM,156.24
Feb 1, 2022 3:00 AM,155.17
Feb 1, 2022 4:00 AM,165.13
Feb 1, 2022 5:00 AM,163.01
Feb 1, 2022 6:00 AM,206.15
Feb 1, 2022 7:00 AM,239.17
Feb 1, 2022 8:00 AM,243.72
Feb 1, 2022 9:00 AM,213
Feb 1, 2022 10:00 AM,209.94
Feb 1, 2022 11:00 AM,172.81
Feb 1, 2022 12:00 PM,143.7
Feb 1, 2022 1:00 PM,137.69
Feb 1, 2022 2:00 PM,130.9
Feb 1, 2022 3:00 PM,126.42
Feb 1, 2022 4:00 PM,124.2
Feb 1, 2022 5:00 PM,127.37
Feb 1, 2022 6:00 PM,129.95
Feb 1, 2022 7:00 PM,121.63
Feb 1, 2022 8:00 PM,101.03
Feb 1, 2022 9:00 PM,84.66
Feb 1, 2022 10:00 PM,84.61
Feb 1, 2022 11:00 PM,54.74
Feb 2, 2022 12:00 AM,35.54
Feb 2, 2022 1:00 AM,11.84
Feb 2, 2022 2:00 AM,10.05
Feb 2, 2022 3:00 AM,10.36
Feb 2, 2022 4:00 AM,20.03
Feb 2, 2022 5:00 AM,67.31
Feb 2, 2022 6:00 AM,105.03
Feb 2, 2022 7:00 AM,136.92
Feb 2, 2022 8:00 AM,150.15
Feb 2, 2022 9:00 AM,136.14
Feb 2, 2022 10:00 AM,134.6
Feb 2, 2022 11:00 AM,135.71
Feb 2, 2022 12:00 PM,133.1
Feb 2, 2022 1:00 PM,138.92
Feb 2, 2022 2:00 PM,155.13
Feb 2, 2022 3:00 PM,193.09
Feb 2, 2022 4:00 PM,201.53
Feb 2, 2022 5:00 PM,238.01
Feb 2, 2022 6:00 PM,266.9
Feb 2, 2022 7:00 PM,265
Feb 2, 2022 8:00 PM,237
Feb 2, 2022 9:00 PM,203.47
Feb 2, 2022 10:00 PM,195.21
Feb 2, 2022 11:00 PM,184.26
Feb 3, 2022 12:00 AM,156.98
Feb 3, 2022 1:00 AM,159.06
Feb 3, 2022 2:00 AM,159.33
Feb 3, 2022 3:00 AM,157.56
Feb 3, 2022 4:00 AM,158.81
Feb 3, 2022 5:00 AM,162.92
Feb 3, 2022 6:00 AM,192.17
Feb 3, 2022 7:00 AM,209.91
Feb 3, 2022 8:00 AM,226.97
Feb 3, 2022 9:00 AM,223.33
Feb 3, 2022 10:00 AM,213.26
Feb 3, 2022 11:00 AM,209
Feb 3, 2022 12:00 PM,194.85
Feb 3, 2022 1:00 PM,191.46
Feb 3, 2022 2:00 PM,196.97
Feb 3, 2022 3:00 PM,209.67
Feb 3, 2022 4:00 PM,207.61
Feb 3, 2022 5:00 PM,224.15
Feb 3, 2022 6:00 PM,237.78
Feb 3, 2022 7:00 PM,224.96
Feb 3, 2022 8:00 PM,209.53
Feb 3, 2022 9:00 PM,186.82
Feb 3, 2022 10:00 PM,187.24
Feb 3, 2022 11:00 PM,145.05
Feb 4, 2022 12:00 AM,138.71
Feb 4, 2022 1:00 AM,128
Feb 4, 2022 2:00 AM,126.17
Feb 4, 2022 3:00 AM,127.69
Feb 4, 2022 4:00 AM,124.27
Feb 4, 2022 5:00 AM,120.37
Feb 4, 2022 6:00 AM,151.45
Feb 4, 2022 7:00 AM,192.43
Feb 4, 2022 8:00 AM,219.12
Feb 4, 2022 9:00 AM,169.66
Feb 4, 2022 10:00 AM,133.05
Feb 4, 2022 11:00 AM,133
Feb 4, 2022 12:00 PM,131.04
Feb 4, 2022 1:00 PM,120.57
Feb 4, 2022 2:00 PM,117.45
Feb 4, 2022 3:00 PM,117.81
Feb 4, 2022 4:00 PM,119.04
Feb 4, 2022 5:00 PM,128.44
Feb 4, 2022 6:00 PM,151.28
Feb 4, 2022 7:00 PM,119.27
Feb 4, 2022 8:00 PM,106.86
Feb 4, 2022 9:00 PM,108.21
Feb 4, 2022 10:00 PM,105.57
Feb 4, 2022 11:00 PM,87.38
Feb 5, 2022 12:00 AM,98.96
Feb 5, 2022 1:00 AM,88.81
Feb 5, 2022 2:00 AM,65.56
Feb 5, 2022 3:00 AM,49.98
Feb 5, 2022 4:00 AM,57.59
Feb 5, 2022 5:00 AM,63.11
Feb 5, 2022 6:00 AM,84.95
Feb 5, 2022 7:00 AM,114.57
Feb 5, 2022 8:00 AM,115.88
Feb 5, 2022 9:00 AM,135.14
Feb 5, 2022 10:00 AM,102.51
Feb 5, 2022 11:00 AM,114.34
Feb 5, 2022 12:00 PM,88.77
Feb 5, 2022 1:00 PM,74.32
Feb 5, 2022 2:00 PM,69.03
Feb 5, 2022 3:00 PM,87.82
Feb 5, 2022 4:00 PM,120.12
Feb 5, 2022 5:00 PM,150.6
Feb 5, 2022 6:00 PM,146.6
Feb 5, 2022 7:00 PM,115.86
Feb 5, 2022 8:00 PM,106.12
Feb 5, 2022 9:00 PM,39.87
Feb 5, 2022 10:00 PM,31.98
Feb 5, 2022 11:00 PM,10.98
Feb 6, 2022 12:00 AM,10.36
Feb 6, 2022 1:00 AM,9.23
Feb 6, 2022 2:00 AM,5.8
Feb 6, 2022 3:00 AM,0.17
Feb 6, 2022 4:00 AM,1.38
Feb 6, 2022 5:00 AM,7.45
Feb 6, 2022 6:00 AM,0.12
Feb 6, 2022 7:00 AM,4.2
Feb 6, 2022 8:00 AM,10.84
Feb 6, 2022 9:00 AM,12.36
Feb 6, 2022 10:00 AM,13.75
Feb 6, 2022 11:00 AM,20.68
Feb 6, 2022 12:00 PM,85.2
Feb 6, 2022 1:00 PM,90.23
Feb 6, 2022 2:00 PM,70.05
Feb 6, 2022 3:00 PM,70.02
Feb 6, 2022 4:00 PM,94.93
Feb 6, 2022 5:00 PM,116.52
Feb 6, 2022 6:00 PM,125
Feb 6, 2022 7:00 PM,118.7
Feb 6, 2022 8:00 PM,102.05
Feb 6, 2022 9:00 PM,90.35
Feb 6, 2022 10:00 PM,112.47
Feb 6, 2022 11:00 PM,94.96
Feb 7, 2022 12:00 AM,20.04
Feb 7, 2022 1:00 AM,15.91
Feb 7, 2022 2:00 AM,14.27
Feb 7, 2022 3:00 AM,10.08
Feb 7, 2022 4:00 AM,13.8
Feb 7, 2022 5:00 AM,21
Feb 7, 2022 6:00 AM,60.9
Feb 7, 2022 7:00 AM,128.07
Feb 7, 2022 8:00 AM,130.17
Feb 7, 2022 9:00 AM,127.26
Feb 7, 2022 10:00 AM,95
Feb 7, 2022 11:00 AM,94.96
Feb 7, 2022 12:00 PM,70.43
Feb 7, 2022 1:00 PM,30.83
Feb 7, 2022 2:00 PM,22.05
Feb 7, 2022 3:00 PM,80.04
Feb 7, 2022 4:00 PM,108.08
Feb 7, 2022 5:00 PM,148.74
Feb 7, 2022 6:00 PM,169.94
Feb 7, 2022 7:00 PM,160.1
Feb 7, 2022 8:00 PM,155.01
Feb 7, 2022 9:00 PM,129.64
Feb 7, 2022 10:00 PM,123.16
Feb 7, 2022 11:00 PM,102.74
Feb 8, 2022 12:00 AM,121.96
Feb 8, 2022 1:00 AM,112.08
Feb 8, 2022 2:00 AM,107.86
Feb 8, 2022 3:00 AM,104.97
Feb 8, 2022 4:00 AM,104.12
Feb 8, 2022 5:00 AM,109.32
Feb 8, 2022 6:00 AM,134.05
Feb 8, 2022 7:00 AM,128.54
Feb 8, 2022 8:00 AM,146.16
Feb 8, 2022 9:00 AM,131.13
Feb 8, 2022 10:00 AM,120.06
Feb 8, 2022 11:00 AM,125.35
Feb 8, 2022 12:00 PM,122.14
Feb 8, 2022 1:00 PM,119.41
Feb 8, 2022 2:00 PM,123.95
Feb 8, 2022 3:00 PM,149
Feb 8, 2022 4:00 PM,161.94
Feb 8, 2022 5:00 PM,196.98
Feb 8, 2022 6:00 PM,209.56
Feb 8, 2022 7:00 PM,199.95
Feb 8, 2022 8:00 PM,182.94
Feb 8, 2022 9:00 PM,139.82
Feb 8, 2022 10:00 PM,132.71
Feb 8, 2022 11:00 PM,123.39
Feb 9, 2022 12:00 AM,115.08
Feb 9, 2022 1:00 AM,114.87
Feb 9, 2022 2:00 AM,118.79
Feb 9, 2022 3:00 AM,109.58
Feb 9, 2022 4:00 AM,116.95
Feb 9, 2022 5:00 AM,119.34
Feb 9, 2022 6:00 AM,139.38
Feb 9, 2022 7:00 AM,177.16
Feb 9, 2022 8:00 AM,180.64
Feb 9, 2022 9:00 AM,179.5
Feb 9, 2022 10:00 AM,127.06
Feb 9, 2022 11:00 AM,122.01
Feb 9, 2022 12:00 PM,123.35
Feb 9, 2022 1:00 PM,136.91
Feb 9, 2022 2:00 PM,149.42
Feb 9, 2022 3:00 PM,179.92
Feb 9, 2022 4:00 PM,189.95
Feb 9, 2022 5:00 PM,219
Feb 9, 2022 6:00 PM,249.12
Feb 9, 2022 7:00 PM,257.28
Feb 9, 2022 8:00 PM,231.79
Feb 9, 2022 9:00 PM,215.81
Feb 9, 2022 10:00 PM,211.79
Feb 9, 2022 11:00 PM,196.7
Feb 10, 2022 12:00 AM,200.46
Feb 10, 2022 1:00 AM,192.61
Feb 10, 2022 2:00 AM,185.1
Feb 10, 2022 3:00 AM,172.23
Feb 10, 2022 4:00 AM,172.91
Feb 10, 2022 5:00 AM,174.88
Feb 10, 2022 6:00 AM,203.67
Feb 10, 2022 7:00 AM,233.46
Feb 10, 2022 8:00 AM,240.32
Feb 10, 2022 9:00 AM,225.56
Feb 10, 2022 10:00 AM,199.99
Feb 10, 2022 11:00 AM,193.67
Feb 10, 2022 12:00 PM,169.97
Feb 10, 2022 1:00 PM,167.9
Feb 10, 2022 2:00 PM,176.35
Feb 10, 2022 3:00 PM,184.55
Feb 10, 2022 4:00 PM,195.98
Feb 10, 2022 5:00 PM,215.77
Feb 10, 2022 6:00 PM,229.58
Feb 10, 2022 7:00 PM,212.49
Feb 10, 2022 8:00 PM,187.28
Feb 10, 2022 9:00 PM,179.37
Feb 10, 2022 10:00 PM,176.91
Feb 10, 2022 11:00 PM,136.66
Feb 11, 2022 12:00 AM,180.01
Feb 11, 2022 1:00 AM,176.73
Feb 11, 2022 2:00 AM,168.87
Feb 11, 2022 3:00 AM,164.09
Feb 11, 2022 4:00 AM,165
Feb 11, 2022 5:00 AM,171.3
Feb 11, 2022 6:00 AM,196.95
Feb 11, 2022 7:00 AM,221.46
Feb 11, 2022 8:00 AM,221.78
Feb 11, 2022 9:00 AM,179.53
Feb 11, 2022 10:00 AM,151.36
Feb 11, 2022 11:00 AM,135.02
Feb 11, 2022 12:00 PM,128.35
Feb 11, 2022 1:00 PM,133.68
Feb 11, 2022 2:00 PM,140.61
Feb 11, 2022 3:00 PM,168.15
Feb 11, 2022 4:00 PM,191.92
Feb 11, 2022 5:00 PM,220.57
Feb 11, 2022 6:00 PM,243.35
Feb 11, 2022 7:00 PM,241.18
Feb 11, 2022 8:00 PM,221.31
Feb 11, 2022 9:00 PM,213.13
Feb 11, 2022 10:00 PM,205.48
Feb 11, 2022 11:00 PM,190.1
Feb 12, 2022 12:00 AM,195.91
Feb 12, 2022 1:00 AM,187.2
Feb 12, 2022 2:00 AM,184.89
Feb 12, 2022 3:00 AM,170.24
Feb 12, 2022 4:00 AM,166
Feb 12, 2022 5:00 AM,162.45
Feb 12, 2022 6:00 AM,160.64
Feb 12, 2022 7:00 AM,162.56
Feb 12, 2022 8:00 AM,157.24
Feb 12, 2022 9:00 AM,121.8
Feb 12, 2022 10:00 AM,115.76
Feb 12, 2022 11:00 AM,121.27
Feb 12, 2022 12:00 PM,97.47
Feb 12, 2022 1:00 PM,87.12
Feb 12, 2022 2:00 PM,89.83
Feb 12, 2022 3:00 PM,116.85
Feb 12, 2022 4:00 PM,171.56
Feb 12, 2022 5:00 PM,194.89
Feb 12, 2022 6:00 PM,191.8
Feb 12, 2022 7:00 PM,140.88
Feb 12, 2022 8:00 PM,121.12
Feb 12, 2022 9:00 PM,104.74
Feb 12, 2022 10:00 PM,109.29
Feb 12, 2022 11:00 PM,101.7
Feb 13, 2022 12:00 AM,88.07
Feb 13, 2022 1:00 AM,98.65
Feb 13, 2022 2:00 AM,99.78
Feb 13, 2022 3:00 AM,99.14
Feb 13, 2022 4:00 AM,104.22
Feb 13, 2022 5:00 AM,99.91
Feb 13, 2022 6:00 AM,93.99
Feb 13, 2022 7:00 AM,88.55
Feb 13, 2022 8:00 AM,88.06
Feb 13, 2022 9:00 AM,60
Feb 13, 2022 10:00 AM,73.03
Feb 13, 2022 11:00 AM,67.23
Feb 13, 2022 12:00 PM,30.08
Feb 13, 2022 1:00 PM,43.25
Feb 13, 2022 2:00 PM,50.12
Feb 13, 2022 3:00 PM,81.78
Feb 13, 2022 4:00 PM,92.47
Feb 13, 2022 5:00 PM,115.71
Feb 13, 2022 6:00 PM,119.11
Feb 13, 2022 7:00 PM,92.33
Feb 13, 2022 8:00 PM,87.18
Feb 13, 2022 9:00 PM,81.39
Feb 13, 2022 10:00 PM,88.59
Feb 13, 2022 11:00 PM,63.23
Feb 14, 2022 12:00 AM,46.55
Feb 14, 2022 1:00 AM,13.33
Feb 14, 2022 2:00 AM,12.94
Feb 14, 2022 3:00 AM,13.78
Feb 14, 2022 4:00 AM,35.25
Feb 14, 2022 5:00 AM,87.91
Feb 14, 2022 6:00 AM,104.25
Feb 14, 2022 7:00 AM,117.19
Feb 14, 2022 8:00 AM,117.11
Feb 14, 2022 9:00 AM,98.58
Feb 14, 2022 10:00 AM,94.91
Feb 14, 2022 11:00 AM,95.89
Feb 14, 2022 12:00 PM,98.52
Feb 14, 2022 1:00 PM,104.18
Feb 14, 2022 2:00 PM,107.01
Feb 14, 2022 3:00 PM,114.51
Feb 14, 2022 4:00 PM,144.52
Feb 14, 2022 5:00 PM,184.58
Feb 14, 2022 6:00 PM,197.13
Feb 14, 2022 7:00 PM,167.3
Feb 14, 2022 8:00 PM,148.44
Feb 14, 2022 9:00 PM,115.49
Feb 14, 2022 10:00 PM,123.05
Feb 14, 2022 11:00 PM,110.94
Feb 15, 2022 12:00 AM,112.68
Feb 15, 2022 1:00 AM,114.82
Feb 15, 2022 2:00 AM,112.3
Feb 15, 2022 3:00 AM,118.28
Feb 15, 2022 4:00 AM,126.86
Feb 15, 2022 5:00 AM,152.72
Feb 15, 2022 6:00 AM,204.2
Feb 15, 2022 7:00 AM,234.06
Feb 15, 2022 8:00 AM,250.06
Feb 15, 2022 9:00 AM,240
Feb 15, 2022 10:00 AM,220.43
Feb 15, 2022 11:00 AM,199.03
Feb 15, 2022 12:00 PM,182.56
Feb 15, 2022 1:00 PM,150.85
Feb 15, 2022 2:00 PM,149.28
Feb 15, 2022 3:00 PM,157.27
Feb 15, 2022 4:00 PM,145.26
Feb 15, 2022 5:00 PM,173.23
Feb 15, 2022 6:00 PM,174.29
Feb 15, 2022 7:00 PM,115.28
Feb 15, 2022 8:00 PM,105.31
Feb 15, 2022 9:00 PM,91.51
Feb 15, 2022 10:00 PM,101.91
Feb 15, 2022 11:00 PM,87.91
Feb 16, 2022 12:00 AM,94.68
Feb 16, 2022 1:00 AM,93.97
Feb 16, 2022 2:00 AM,99.45
Feb 16, 2022 3:00 AM,106.67
Feb 16, 2022 4:00 AM,103.6
Feb 16, 2022 5:00 AM,110.4
Feb 16, 2022 6:00 AM,134.02
Feb 16, 2022 7:00 AM,184.7
Feb 16, 2022 8:00 AM,194.83
Feb 16, 2022 9:00 AM,174.52
Feb 16, 2022 10:00 AM,137.84
Feb 16, 2022 11:00 AM,136.04
Feb 16, 2022 12:00 PM,118.22
Feb 16, 2022 1:00 PM,111.4
Feb 16, 2022 2:00 PM,105.65
Feb 16, 2022 3:00 PM,97.57
Feb 16, 2022 4:00 PM,99.11
Feb 16, 2022 5:00 PM,110.76
Feb 16, 2022 6:00 PM,118.61
Feb 16, 2022 7:00 PM,117.99
Feb 16, 2022 8:00 PM,102.9
Feb 16, 2022 9:00 PM,95.01
Feb 16, 2022 10:00 PM,95.01
Feb 16, 2022 11:00 PM,74.12
Feb 17, 2022 12:00 AM,17.92
Feb 17, 2022 1:00 AM,15.04
Feb 17, 2022 2:00 AM,15.02
Feb 17, 2022 3:00 AM,13.97
Feb 17, 2022 4:00 AM,15.04
Feb 17, 2022 5:00 AM,33.02
Feb 17, 2022 6:00 AM,90.93
Feb 17, 2022 7:00 AM,123.22
Feb 17, 2022 8:00 AM,107.23
Feb 17, 2022 9:00 AM,102.55
Feb 17, 2022 10:00 AM,95.06
Feb 17, 2022 11:00 AM,77.47
Feb 17, 2022 12:00 PM,65.06
Feb 17, 2022 1:00 PM,35.98
Feb 17, 2022 2:00 PM,42.68
Feb 17, 2022 3:00 PM,67.3
Feb 17, 2022 4:00 PM,86.08
Feb 17, 2022 5:00 PM,108.83
Feb 17, 2022 6:00 PM,110.63
Feb 17, 2022 7:00 PM,101.54
Feb 17, 2022 8:00 PM,86.9
Feb 17, 2022 9:00 PM,86.48
Feb 17, 2022 10:00 PM,86.3
Feb 17, 2022 11:00 PM,63.04
Feb 18, 2022 12:00 AM,71.45
Feb 18, 2022 1:00 AM,62.57
Feb 18, 2022 2:00 AM,74.76
Feb 18, 2022 3:00 AM,84.92
Feb 18, 2022 4:00 AM,95.19
Feb 18, 2022 5:00 AM,119.09
Feb 18, 2022 6:00 AM,140.99
Feb 18, 2022 7:00 AM,185.05
Feb 18, 2022 8:00 AM,189.28
Feb 18, 2022 9:00 AM,173.24
Feb 18, 2022 10:00 AM,150
Feb 18, 2022 11:00 AM,130.99
Feb 18, 2022 12:00 PM,123.17
Feb 18, 2022 1:00 PM,106.81
Feb 18, 2022 2:00 PM,99.89
Feb 18, 2022 3:00 PM,99.26
Feb 18, 2022 4:00 PM,97.42
Feb 18, 2022 5:00 PM,113.84
Feb 18, 2022 6:00 PM,130.9
Feb 18, 2022 7:00 PM,140.49
Feb 18, 2022 8:00 PM,115.87
Feb 18, 2022 9:00 PM,109.75
Feb 18, 2022 10:00 PM,115.66
Feb 18, 2022 11:00 PM,92.46
Feb 19, 2022 12:00 AM,73.73
Feb 19, 2022 1:00 AM,54.32
Feb 19, 2022 2:00 AM,16.63
Feb 19, 2022 3:00 AM,14.38
Feb 19, 2022 4:00 AM,10.96
Feb 19, 2022 5:00 AM,9.06
Feb 19, 2022 6:00 AM,0.1
Feb 19, 2022 7:00 AM,3.62
Feb 19, 2022 8:00 AM,9.42
Feb 19, 2022 9:00 AM,1.94
Feb 19, 2022 10:00 AM,0
Feb 19, 2022 11:00 AM,-0.08
Feb 19, 2022 12:00 PM,-0.35
Feb 19, 2022 1:00 PM,-0.52
Feb 19, 2022 2:00 PM,-0.08
Feb 19, 2022 3:00 PM,0.08
Feb 19, 2022 4:00 PM,15.69
Feb 19, 2022 5:00 PM,99.95
Feb 19, 2022 6:00 PM,121.97
Feb 19, 2022 7:00 PM,112.63
Feb 19, 2022 8:00 PM,102.52
Feb 19, 2022 9:00 PM,101.89
Feb 19, 2022 10:00 PM,101.99
Feb 19, 2022 11:00 PM,100.93
Feb 20, 2022 12:00 AM,104.38
Feb 20, 2022 1:00 AM,99.9
Feb 20, 2022 2:00 AM,98.71
Feb 20, 2022 3:00 AM,92.01
Feb 20, 2022 4:00 AM,88.53
Feb 20, 2022 5:00 AM,87.17
Feb 20, 2022 6:00 AM,80
Feb 20, 2022 7:00 AM,80.08
Feb 20, 2022 8:00 AM,88.28
Feb 20, 2022 9:00 AM,95.06
Feb 20, 2022 10:00 AM,98.22
Feb 20, 2022 11:00 AM,95.09
Feb 20, 2022 12:00 PM,88.15
Feb 20, 2022 1:00 PM,51.8
Feb 20, 2022 2:00 PM,43.11
Feb 20, 2022 3:00 PM,21.24
Feb 20, 2022 4:00 PM,21.56
Feb 20, 2022 5:00 PM,63.16
Feb 20, 2022 6:00 PM,76.93
Feb 20, 2022 7:00 PM,51.28
Feb 20, 2022 8:00 PM,20.02
Feb 20, 2022 9:00 PM,15.39
Feb 20, 2022 10:00 PM,40.06
Feb 20, 2022 11:00 PM,14.62
Feb 21, 2022 12:00 AM,10.73
Feb 21, 2022 1:00 AM,7.48
Feb 21, 2022 2:00 AM,5.71
Feb 21, 2022 3:00 AM,1.43
Feb 21, 2022 4:00 AM,7.6
Feb 21, 2022 5:00 AM,14.37
Feb 21, 2022 6:00 AM,19.75
Feb 21, 2022 7:00 AM,106.69
Feb 21, 2022 8:00 AM,110.06
Feb 21, 2022 9:00 AM,88.28
Feb 21, 2022 10:00 AM,65.51
Feb 21, 2022 11:00 AM,78.22
Feb 21, 2022 12:00 PM,92.02
Feb 21, 2022 1:00 PM,99.9
Feb 21, 2022 2:00 PM,104.92
Feb 21, 2022 3:00 PM,108.77
Feb 21, 2022 4:00 PM,103.46
Feb 21, 2022 5:00 PM,117.78
Feb 21, 2022 6:00 PM,135.59
Feb 21, 2022 7:00 PM,123.63
Feb 21, 2022 8:00 PM,110.71
Feb 21, 2022 9:00 PM,102
Feb 21, 2022 10:00 PM,102.83
Feb 21, 2022 11:00 PM,92.55
Feb 22, 2022 12:00 AM,89.99
Feb 22, 2022 1:00 AM,82.14
Feb 22, 2022 2:00 AM,80.34
Feb 22, 2022 3:00 AM,79.9
Feb 22, 2022 4:00 AM,88.16
Feb 22, 2022 5:00 AM,95.36
Feb 22, 2022 6:00 AM,117.86
Feb 22, 2022 7:00 AM,185.78
Feb 22, 2022 8:00 AM,211.59
Feb 22, 2022 9:00 AM,180.27
Feb 22, 2022 10:00 AM,144.08
Feb 22, 2022 11:00 AM,135.04
Feb 22, 2022 12:00 PM,121.25
Feb 22, 2022 1:00 PM,117.66
Feb 22, 2022 2:00 PM,118.87
Feb 22, 2022 3:00 PM,125.29
Feb 22, 2022 4:00 PM,136.7
Feb 22, 2022 5:00 PM,155.21
Feb 22, 2022 6:00 PM,162.62
Feb 22, 2022 7:00 PM,135.49
Feb 22, 2022 8:00 PM,108.62
Feb 22, 2022 9:00 PM,100.54
Feb 22, 2022 10:00 PM,99.99
Feb 22, 2022 11:00 PM,85.08
Feb 23, 2022 12:00 AM,81.79
Feb 23, 2022 1:00 AM,78.96
Feb 23, 2022 2:00 AM,82.28
Feb 23, 2022 3:00 AM,88.34
Feb 23, 2022 4:00 AM,97.32
Feb 23, 2022 5:00 AM,101.7
Feb 23, 2022 6:00 AM,118.36
Feb 23, 2022 7:00 AM,147.54
Feb 23, 2022 8:00 AM,155.03
Feb 23, 2022 9:00 AM,126.44
Feb 23, 2022 10:00 AM,109.43
Feb 23, 2022 11:00 AM,103.51
Feb 23, 2022 12:00 PM,89.9
Feb 23, 2022 1:00 PM,89.9
Feb 23, 2022 2:00 PM,100.9
Feb 23, 2022 3:00 PM,109.49
Feb 23, 2022 4:00 PM,162.8
Feb 23, 2022 5:00 PM,205.72
Feb 23, 2022 6:00 PM,230
Feb 23, 2022 7:00 PM,236.86
Feb 23, 2022 8:00 PM,187.04
Feb 23, 2022 9:00 PM,164.6
Feb 23, 2022 10:00 PM,146.62
Feb 23, 2022 11:00 PM,107.6
Feb 24, 2022 12:00 AM,115.07
Feb 24, 2022 1:00 AM,113.04
Feb 24, 2022 2:00 AM,110.33
Feb 24, 2022 3:00 AM,109.29
Feb 24, 2022 4:00 AM,112.36
Feb 24, 2022 5:00 AM,116.77
Feb 24, 2022 6:00 AM,168.5
Feb 24, 2022 7:00 AM,184.77
Feb 24, 2022 8:00 AM,160
Feb 24, 2022 9:00 AM,137.34
Feb 24, 2022 10:00 AM,117.47
Feb 24, 2022 11:00 AM,112.78
Feb 24, 2022 12:00 PM,107.58
Feb 24, 2022 1:00 PM,105.02
Feb 24, 2022 2:00 PM,105.1
Feb 24, 2022 3:00 PM,112.4
Feb 24, 2022 4:00 PM,113.73
Feb 24, 2022 5:00 PM,146.57
Feb 24, 2022 6:00 PM,155.38
Feb 24, 2022 7:00 PM,134.74
Feb 24, 2022 8:00 PM,110.07
Feb 24, 2022 9:00 PM,104.53
Feb 24, 2022 10:00 PM,109.95
Feb 24, 2022 11:00 PM,98.51
Feb 25, 2022 12:00 AM,94.78
Feb 25, 2022 1:00 AM,100.4
Feb 25, 2022 2:00 AM,98.67
Feb 25, 2022 3:00 AM,99.61
Feb 25, 2022 4:00 AM,100.25
Feb 25, 2022 5:00 AM,95.98
Feb 25, 2022 6:00 AM,116.99
Feb 25, 2022 7:00 AM,133.53
Feb 25, 2022 8:00 AM,125.02
Feb 25, 2022 9:00 AM,107.16
Feb 25, 2022 10:00 AM,98.38
Feb 25, 2022 11:00 AM,100.25
Feb 25, 2022 12:00 PM,89.93
Feb 25, 2022 1:00 PM,97.07
Feb 25, 2022 2:00 PM,93.67
Feb 25, 2022 3:00 PM,98.52
Feb 25, 2022 4:00 PM,119.54
Feb 25, 2022 5:00 PM,146.87
Feb 25, 2022 6:00 PM,190.05
Feb 25, 2022 7:00 PM,198.07
Feb 25, 2022 8:00 PM,160.68
Feb 25, 2022 9:00 PM,145.54
Feb 25, 2022 10:00 PM,135.13
Feb 25, 2022 11:00 PM,132.89
Feb 26, 2022 12:00 AM,150.09
Feb 26, 2022 1:00 AM,152.6
Feb 26, 2022 2:00 AM,174.05
Feb 26, 2022 3:00 AM,187.92
Feb 26, 2022 4:00 AM,190.69
Feb 26, 2022 5:00 AM,237.17
Feb 26, 2022 6:00 AM,249.98
Feb 26, 2022 7:00 AM,263.46
Feb 26, 2022 8:00 AM,275.57
Feb 26, 2022 9:00 AM,267.37
Feb 26, 2022 10:00 AM,245.75
Feb 26, 2022 11:00 AM,213.02
Feb 26, 2022 12:00 PM,196.64
Feb 26, 2022 1:00 PM,178.97
Feb 26, 2022 2:00 PM,177.04
Feb 26, 2022 3:00 PM,197.47
Feb 26, 2022 4:00 PM,225.08
Feb 26, 2022 5:00 PM,259.9
Feb 26, 2022 6:00 PM,299
Feb 26, 2022 7:00 PM,300.7
Feb 26, 2022 8:00 PM,277.91
Feb 26, 2022 9:00 PM,235.8
Feb 26, 2022 10:00 PM,242.15
Feb 26, 2022 11:00 PM,212.09
Feb 27, 2022 12:00 AM,195.65
Feb 27, 2022 1:00 AM,180.7
Feb 27, 2022 2:00 AM,174.44
Feb 27, 2022 3:00 AM,172.31
Feb 27, 2022 4:00 AM,174.5
Feb 27, 2022 5:00 AM,177.1
Feb 27, 2022 6:00 AM,186.05
Feb 27, 2022 7:00 AM,191.54
Feb 27, 2022 8:00 AM,189.37
Feb 27, 2022 9:00 AM,173.75
Feb 27, 2022 10:00 AM,154.07
Feb 27, 2022 11:00 AM,144.76
Feb 27, 2022 12:00 PM,116.53
Feb 27, 2022 1:00 PM,114
Feb 27, 2022 2:00 PM,111.68
Feb 27, 2022 3:00 PM,151.54
Feb 27, 2022 4:00 PM,176.15
Feb 27, 2022 5:00 PM,229.9
Feb 27, 2022 6:00 PM,275.76
Feb 27, 2022 7:00 PM,274.5
Feb 27, 2022 8:00 PM,220.7
Feb 27, 2022 9:00 PM,197.8
Feb 27, 2022 10:00 PM,197.78
Feb 27, 2022 11:00 PM,197.22
Feb 28, 2022 12:00 AM,177.39
Feb 28, 2022 1:00 AM,174.06
Feb 28, 2022 2:00 AM,185.57
Feb 28, 2022 3:00 AM,178.26
Feb 28, 2022 4:00 AM,197
Feb 28, 2022 5:00 AM,217
Feb 28, 2022 6:00 AM,284.97
Feb 28, 2022 7:00 AM,322.9
Feb 28, 2022 8:00 AM,308.9
Feb 28, 2022 9:00 AM,267.3
Feb 28, 2022 10:00 AM,163.82
Feb 28, 2022 11:00 AM,145.55
Feb 28, 2022 12:00 PM,137.09
Feb 28, 2022 1:00 PM,135.4
Feb 28, 2022 2:00 PM,141.17
Feb 28, 2022 3:00 PM,198.24
Feb 28, 2022 4:00 PM,253.79
Feb 28, 2022 5:00 PM,280.56
Feb 28, 2022 6:00 PM,300
Feb 28, 2022 7:00 PM,282.19
Feb 28, 2022 8:00 PM,207.32
Feb 28, 2022 9:00 PM,137.24
Feb 28, 2022 10:00 PM,163.3
Feb 28, 2022 11:00 PM,140.09
